,Epsilon,Eval_val,K,Opt_val,bound,index,iters,r,satisfy,solvetime
0,3.16227766016838e-06,2.7376045963128757,1.0,3.0221809055114397,3.091848750087722,0.0,2.2,14.5,1.0,0.06648601690928141
1,3.792690190732247e-06,2.7376049332121286,1.0,3.0221699994598343,3.091848750087722,0.9666666666666667,2.1,14.5,1.0,0.10577750205993652
2,4.54877794700378e-06,2.737604769774921,1.0,3.022163482588752,3.091848750087722,1.9333333333333333,2.0,14.5,1.0,0.11420617898305258
3,5.4555947811685125e-06,2.7376047153872487,1.0,3.022183412854251,3.091848750087722,2.9,2.2,14.5,1.0,0.15085225105285643
4,6.54318912971297e-06,2.737604829986383,1.0,3.0221721924222376,3.091848750087722,3.8666666666666667,2.066666666666667,14.5,1.0,0.10883483091990152
5,7.84759970351461e-06,2.7376047407742994,1.0,3.0221861420728837,3.091848750087722,4.833333333333333,2.1666666666666665,14.5,1.0,0.09640946388244628
6,9.412049672680668e-06,2.7376048742723498,1.0,3.0221984234778216,3.091848750087722,5.8,2.2333333333333334,14.5,1.0,0.09888834158579508
7,1.128837891684688e-05,2.7376047473063414,1.0,3.022192405208497,3.091848750087722,6.766666666666667,2.1666666666666665,14.5,1.0,0.14669302304585774
8,1.3538761800225446e-05,2.737604698273272,1.0,3.022183536556845,3.091848750087722,7.733333333333333,2.1666666666666665,14.5,1.0,0.12406183878580729
9,1.623776739188722e-05,2.7376048064728087,1.0,3.0221712447214344,3.091848750087722,8.7,2.1333333333333333,14.5,1.0,0.1398274024327596
10,1.9474830399087566e-05,2.737604990252577,1.0,3.0221752321341198,3.091848750087722,9.666666666666666,2.2,14.5,1.0,0.15948053201039633
11,2.3357214690901223e-05,2.737604922784184,1.0,3.0221904725354136,3.091848750087722,10.633333333333333,2.2,14.5,1.0,0.1426755428314209
12,2.8013567611988686e-05,2.737604850449545,1.0,3.0221887066769813,3.091848750087722,11.6,2.2,14.5,1.0,0.1697361946105957
13,3.359818286283783e-05,2.737604886705707,1.0,3.022199841356849,3.091848750087722,12.566666666666666,2.2333333333333334,14.5,1.0,0.15623339811960857
14,4.0296113202003966e-05,2.737604857562718,1.0,3.0221732402967025,3.091848750087722,13.533333333333333,2.1,14.5,1.0,0.17319818337758383
15,4.832930238571754e-05,2.737604881456577,1.0,3.0221714236162422,3.091848750087722,14.5,2.033333333333333,14.5,1.0,0.15517034530639648
16,5.796393953384971e-05,2.7376047279731046,1.0,3.0221888336853087,3.091848750087722,15.466666666666667,2.2666666666666666,14.5,1.0,0.13410893281300862
17,6.951927961775608e-05,2.737604660135389,1.0,3.022178767087522,3.091848750087722,16.433333333333334,2.066666666666667,14.5,1.0,0.12886910438537597
18,8.337822234717884e-05,2.737604878078493,1.0,3.022188288672927,3.091848750087722,17.4,2.1,14.5,1.0,0.1407381534576416
19,9.999999999999996e-05,2.737604836145604,1.0,3.022194118561688,3.091848750087722,18.366666666666667,2.1,14.5,1.0,0.15069045225779215
20,0.0001258925411794167,2.737604824879846,1.0,3.022209027906806,3.091848750087722,19.333333333333332,2.066666666666667,14.5,1.0,0.15330267747243245
21,0.00044100594541767417,2.7376050683696405,1.0,3.022410950461466,3.091848750087722,20.3,3.0,14.5,1.0,0.20253432591756185
22,0.0015448591479026769,2.7376084522996087,1.0,3.023124418886832,3.091848750087722,21.266666666666666,3.0,14.5,1.0,0.2116451581319173
23,0.005411695265464642,2.7376476908211784,1.0,3.0255900954367503,3.091848750087722,22.233333333333334,3.0,14.5,1.0,0.19788345495859783
24,0.01895735652406377,2.738006148821157,1.0,3.0338819092846268,3.091848750087722,23.2,3.0,14.5,1.0,0.213753604888916
25,0.06640827850634845,2.740373516896041,1.0,3.0602210949748474,3.091848750087722,24.166666666666668,4.0,14.5,1.0,0.375793186823527
26,0.2326305067153627,2.749337761976547,1.0,3.1375743085440737,3.091848750087722,25.133333333333333,6.0,14.5,1.0,0.7517100095748901
27,0.8149127469020752,2.7729938405089376,1.0,3.3438628849186043,3.091848750087722,26.1,6.0,14.5,1.0,0.6800718625386556
28,2.8546676634979353,2.822870052225604,1.0,3.808057806439956,3.091848750087722,27.066666666666666,6.266666666666667,14.5,1.0,0.7275580724080404
29,10.0,2.878094112236529,1.0,4.610218574728602,3.091848750087722,28.033333333333335,8.0,14.5,1.0,0.8700798114140829
30,3.16227766016838e-06,2.7376028433117385,2.0,2.833556310236267,0.3334786803311144,29.0,2.0,14.5,1.0,0.19365662733713787
31,3.792690190732247e-06,2.737602844967512,2.0,2.8335568496781196,0.3334786803311144,29.966666666666665,2.0,14.5,1.0,0.25073999563852944
32,4.54877794700378e-06,2.7376028420586773,2.0,2.833557595711027,0.3334786803311144,30.933333333333334,2.0,14.5,1.0,0.17403024037679035
33,5.4555947811685125e-06,2.7376028392530216,2.0,2.8335583985355774,0.3334786803311144,31.9,2.0,14.5,1.0,0.20869503815968832
34,6.54318912971297e-06,2.737602843271054,2.0,2.8335594596357216,0.3334786803311144,32.86666666666667,2.0,14.5,1.0,0.18064707120259602
35,7.84759970351461e-06,2.7376028481085934,2.0,2.8335608183373524,0.3334786803311144,33.833333333333336,2.0,14.5,1.0,0.14325312773386636
36,9.412049672680668e-06,2.737602843399542,2.0,2.833562357808179,0.3334786803311144,34.8,2.0,14.5,1.0,0.20530105431874593
37,1.128837891684688e-05,2.737602846656558,2.0,2.8335641733809163,0.3334786803311144,35.766666666666666,2.0,14.5,1.0,0.15976737340291342
38,1.3538761800225446e-05,2.7376028443854623,2.0,2.833566451520969,0.3334786803311144,36.733333333333334,2.0,14.5,1.0,0.1612881104151408
39,1.623776739188722e-05,2.7376028464074893,2.0,2.8335690337870045,0.3334786803311144,37.7,2.0,14.5,1.0,0.19752360979715983
40,1.9474830399087566e-05,2.7376028464835755,2.0,2.8335722634261993,0.3334786803311144,38.666666666666664,2.0,14.5,1.0,0.15152607758839926
41,2.3357214690901223e-05,2.7376028441843743,2.0,2.8335762134244886,0.3334786803311144,39.63333333333333,2.0,14.5,1.0,0.159035587310791
42,2.8013567611988686e-05,2.737602847926582,2.0,2.833580740408839,0.3334786803311144,40.6,2.0,14.5,1.0,0.17692912419637044
43,3.359818286283783e-05,2.7376028535331667,2.0,2.833586320159995,0.3334786803311144,41.56666666666667,2.0,14.5,1.0,0.1480985482533773
44,4.0296113202003966e-05,2.737602848707238,2.0,2.8335928956856153,0.3334786803311144,42.53333333333333,2.0,14.5,1.0,0.1474027713139852
45,4.832930238571754e-05,2.737602849050202,2.0,2.833600968978937,0.3334786803311144,43.5,2.0,14.5,1.0,0.18743017514546711
46,5.796393953384971e-05,2.737602859258361,2.0,2.8336104554389125,0.3334786803311144,44.46666666666667,2.0,14.5,1.0,0.1371403694152832
47,6.951927961775608e-05,2.7376028643440824,2.0,2.8336218667395574,0.3334786803311144,45.43333333333333,2.0,14.5,1.0,0.1732492208480835
48,8.337822234717884e-05,2.7376028663581087,2.0,2.8336355884369953,0.3334786803311144,46.4,2.0,14.5,1.0,0.17834436098734538
49,9.999999999999996e-05,2.737602884646431,2.0,2.8336520421618454,0.3334786803311144,47.36666666666667,2.2666666666666666,14.5,1.0,0.1940359910329183
50,0.0001258925411794167,2.7376029026383795,2.0,2.8336779681344884,0.3334786803311144,48.333333333333336,3.0,14.5,1.0,0.3603867451349894
51,0.00044100594541767417,2.737603596733108,2.0,2.8339896461861716,0.3334786803311144,49.3,3.0,14.5,1.0,0.3293858846028646
52,0.0015448591479026769,2.737611800816987,2.0,2.8350754744830655,0.3334786803311144,50.266666666666666,3.0,14.5,1.0,0.39916358788808187
53,0.005411695265464642,2.737697892938655,2.0,2.838800458482565,0.3334786803311144,51.233333333333334,3.0,14.5,1.0,0.3388782660166422
54,0.01895735652406377,2.7384021805428076,2.0,2.8510992590587683,0.3334786803311144,52.2,3.8,14.5,1.0,0.4159160852432251
55,0.06640827850634845,2.7420401171050144,2.0,2.8889156701096494,0.3334786803311144,53.166666666666664,5.0,14.5,1.0,0.6882632335027059
56,0.2326305067153627,2.7542717047966963,2.0,2.994787493637068,0.3334786803311144,54.13333333333333,6.0,14.5,1.0,1.0754292805989583
57,0.8149127469020752,2.7813212605262523,2.0,3.254656529638198,0.3334786803311144,55.1,6.5,14.5,1.0,1.214202070236206
58,2.8546676634979353,2.831165290078753,2.0,3.7750764710717433,0.3334786803311144,56.06666666666667,7.133333333333334,14.5,1.0,1.4729490598042807
59,10.0,2.8799138969410434,2.0,4.603839470353571,0.3334786803311144,57.03333333333333,8.0,14.5,1.0,1.6438650051752726
60,3.16227766016838e-06,2.7376018314688157,3.0,2.7376848877590843,0.0023755287766149985,58.0,2.0,14.5,0.6,0.24685988426208497
61,3.792690190732247e-06,2.7376018356891945,3.0,2.737685609386147,0.0023755287766149985,58.96666666666667,2.0,14.5,0.6,0.27547601858774823
62,4.54877794700378e-06,2.7376018370128947,3.0,2.7376866108999343,0.0023755287766149985,59.93333333333333,2.0,14.5,0.6,0.2854434092839559
63,5.4555947811685125e-06,2.73760183601227,3.0,2.7376878972637217,0.0023755287766149985,60.9,2.0,14.5,0.6,0.2917924165725708
64,6.54318912971297e-06,2.7376018387208134,3.0,2.737689617400685,0.0023755287766149985,61.86666666666667,2.0,14.5,0.6,0.3030470609664917
65,7.84759970351461e-06,2.7376018386154795,3.0,2.737691431470407,0.0023755287766149985,62.833333333333336,2.0,14.5,0.6333333333333333,0.24994388421376545
66,9.412049672680668e-06,2.7376018419967028,3.0,2.7376938717021564,0.0023755287766149985,63.8,2.0,14.5,0.6333333333333333,0.21387232939402262
67,1.128837891684688e-05,2.7376018421035058,3.0,2.7376964547914104,0.0023755287766149985,64.76666666666667,2.0,14.5,0.6333333333333333,0.23617245356241862
68,1.3538761800225446e-05,2.737601847981949,3.0,2.737699666869101,0.0023755287766149985,65.73333333333333,2.0,14.5,0.6333333333333333,0.1385310729344686
69,1.623776739188722e-05,2.737601850361559,3.0,2.737703889619332,0.0023755287766149985,66.7,2.0,14.5,0.6333333333333333,0.167879319190979
70,1.9474830399087566e-05,2.7376018541035827,3.0,2.7377084076464446,0.0023755287766149985,67.66666666666667,2.0,14.5,0.6333333333333333,0.24743204911549885
71,2.3357214690901223e-05,2.7376018581506902,3.0,2.7377141911423797,0.0023755287766149985,68.63333333333334,2.0,14.5,0.6333333333333333,0.16254552205403647
72,2.8013567611988686e-05,2.737601861791677,3.0,2.7377208885945854,0.0023755287766149985,69.6,2.0,14.5,0.6333333333333333,0.16344125270843507
73,3.359818286283783e-05,2.7376018720904107,3.0,2.7377290279889124,0.0023755287766149985,70.56666666666666,2.0,14.5,0.6333333333333333,0.189346448580424
74,4.0296113202003966e-05,2.7376018733159593,3.0,2.7377389026446126,0.0023755287766149985,71.53333333333333,2.0,14.5,0.6333333333333333,0.17018527189890545
75,4.832930238571754e-05,2.7376018887252234,3.0,2.7377505449477555,0.0023755287766149985,72.5,2.0,14.5,0.6333333333333333,0.20386934280395508
76,5.796393953384971e-05,2.7376019006103354,3.0,2.7377647036657735,0.0023755287766149985,73.46666666666667,2.0,14.5,0.6333333333333333,0.2031028191248576
77,6.951927961775608e-05,2.7376019257382165,3.0,2.737781410451171,0.0023755287766149985,74.43333333333334,2.966666666666667,14.5,0.6333333333333333,0.31889711221059164
78,8.337822234717884e-05,2.7376019589016503,3.0,2.737801777749693,0.0023755287766149985,75.4,3.0,14.5,0.6333333333333333,0.24186416467030844
79,9.999999999999996e-05,2.7376019971776344,3.0,2.7378261579271257,0.0023755287766149985,76.36666666666666,3.0,14.5,0.6333333333333333,0.2710875590642293
80,0.0001258925411794167,2.7376020660173714,3.0,2.7378638080400592,0.0023755287766149985,77.33333333333333,3.0,14.5,0.6333333333333333,0.3177786906560262
81,0.00044100594541767417,2.7376037953280123,3.0,2.738322696914416,0.0023755287766149985,78.3,3.0,14.5,0.7333333333333333,0.29796884854634603
82,0.0015448591479026769,2.737621635909801,3.0,2.7399143060885227,0.0023755287766149985,79.26666666666667,3.0,14.5,0.9333333333333333,0.2592911243438721
83,0.005411695265464642,2.737791852855837,3.0,2.7453102161617036,0.0023755287766149985,80.23333333333333,3.0,14.5,1.0,0.31366154352823894
84,0.01895735652406377,2.739006467833059,3.0,2.7626412810872156,0.0023755287766149985,81.2,4.0,14.5,1.0,0.5634449640909831
85,0.06640827850634845,2.7439951620645116,3.0,2.8133170832798786,0.0023755287766149985,82.16666666666667,5.0,14.5,1.0,1.1364815314610799
86,0.2326305067153627,2.7579704052602088,3.0,2.944243112439964,0.0023755287766149985,83.13333333333334,6.0,14.5,1.0,1.4326969782511394
87,0.8149127469020752,2.784740068360939,3.0,3.23318941870128,0.0023755287766149985,84.1,8.0,14.5,1.0,2.2470102548599242
88,2.8546676634979353,2.832792869549537,3.0,3.76966220582104,0.0023755287766149985,85.06666666666666,7.233333333333333,14.5,1.0,2.0612430731455484
89,10.0,2.8801722551753595,3.0,4.602993692623859,0.0023755287766149985,86.03333333333333,8.0,14.5,1.0,1.9502644300460816
90,3.16227766016838e-06,2.737601815986703,5.0,2.7376838287496685,0.002077085278330935,87.0,2.0,14.5,0.6,0.2761641184488932
91,3.792690190732247e-06,2.737601821486328,5.0,2.7376846658674787,0.002077085278330935,87.96666666666667,2.0,14.5,0.6,0.2743193546930949
92,4.54877794700378e-06,2.737601822783227,5.0,2.737685478004446,0.002077085278330935,88.93333333333334,2.0,14.5,0.6,0.2989492654800415
93,5.4555947811685125e-06,2.737601826449947,5.0,2.737686995918751,0.002077085278330935,89.9,2.0,14.5,0.6,0.31257999738057457
94,6.54318912971297e-06,2.7376018243002695,5.0,2.7376884456742965,0.002077085278330935,90.86666666666666,2.0,14.5,0.6,0.2927361488342285
95,7.84759970351461e-06,2.7376018259208235,5.0,2.737690429178975,0.002077085278330935,91.83333333333333,2.0,14.5,0.6333333333333333,0.2879766543706258
96,9.412049672680668e-06,2.737601823140318,5.0,2.7376926345238313,0.002077085278330935,92.8,2.0,14.5,0.6333333333333333,0.29921584924062095
97,1.128837891684688e-05,2.7376018256753,5.0,2.7376952912036665,0.002077085278330935,93.76666666666667,2.0,14.5,0.6333333333333333,0.28077857494354247
98,1.3538761800225446e-05,2.7376018290128084,5.0,2.7376985251281662,0.002077085278330935,94.73333333333333,2.0,14.5,0.6333333333333333,0.307094144821167
99,1.623776739188722e-05,2.7376018303018674,5.0,2.7377024653443645,0.002077085278330935,95.7,2.0,14.5,0.6333333333333333,0.3073615074157715
100,1.9474830399087566e-05,2.7376018333228447,5.0,2.7377072925479786,0.002077085278330935,96.66666666666667,2.0,14.5,0.6333333333333333,0.30149872303009034
101,2.3357214690901223e-05,2.737601837357169,5.0,2.7377129712190524,0.002077085278330935,97.63333333333334,2.0,14.5,0.6333333333333333,0.3286367654800415
102,2.8013567611988686e-05,2.737601844328847,5.0,2.737719698423223,0.002077085278330935,98.6,2.0,14.5,0.6333333333333333,0.3502022822697957
103,3.359818286283783e-05,2.737601849983459,5.0,2.737727809336431,0.002077085278330935,99.56666666666666,2.0,14.5,0.6333333333333333,0.3130415598551432
104,4.0296113202003966e-05,2.737601860295031,5.0,2.737737723502092,0.002077085278330935,100.53333333333333,2.0,14.5,0.6333333333333333,0.2596709330876668
105,4.832930238571754e-05,2.7376018724884554,5.0,2.737749403457648,0.002077085278330935,101.5,2.0,14.5,0.6333333333333333,0.28701799710591636
106,5.796393953384971e-05,2.7376018863339073,5.0,2.73776344654565,0.002077085278330935,102.46666666666667,2.0,14.5,0.6333333333333333,0.2965801318486532
107,6.951927961775608e-05,2.737601912212243,5.0,2.7377802320930877,0.002077085278330935,103.43333333333334,3.0,14.5,0.6333333333333333,0.6667555650075276
108,8.337822234717884e-05,2.7376019396409244,5.0,2.7378005335465136,0.002077085278330935,104.4,3.0,14.5,0.6333333333333333,0.5685046990712483
109,9.999999999999996e-05,2.7376019782257597,5.0,2.737824947141386,0.002077085278330935,105.36666666666666,3.0,14.5,0.6333333333333333,0.5813487688700358
110,0.0001258925411794167,2.737602047278921,5.0,2.73786256603883,0.002077085278330935,106.33333333333333,3.0,14.5,0.6333333333333333,0.5494105259577433
111,0.00044100594541767417,2.7376037717948924,5.0,2.7383215376297874,0.002077085278330935,107.3,3.0,14.5,0.7333333333333333,0.6347003698348999
112,0.0015448591479026769,2.7376215760181553,5.0,2.739912841399672,0.002077085278330935,108.26666666666667,3.0,14.5,0.9333333333333333,0.632108227411906
113,0.005411695265464642,2.7377917263579907,5.0,2.745309082646154,0.002077085278330935,109.23333333333333,3.0,14.5,1.0,0.5919371048609415
114,0.01895735652406377,2.739006069063789,5.0,2.7626403090028067,0.002077085278330935,110.2,4.0,14.5,1.0,1.1345718860626222
115,0.06640827850634845,2.7439954966185445,5.0,2.813316234888138,0.002077085278330935,111.16666666666667,5.0,14.5,1.0,1.7621532201766967
116,0.2326305067153627,2.757971214631608,5.0,2.9442424013335855,0.002077085278330935,112.13333333333334,6.0,14.5,1.0,2.4898265759150187
117,0.8149127469020752,2.7847414964602573,5.0,3.233188993849027,0.002077085278330935,113.1,8.0,14.5,1.0,3.7627634445826215
118,2.8546676634979353,2.8327947369188404,5.0,3.7696620027398304,0.002077085278330935,114.06666666666666,7.233333333333333,14.5,1.0,3.3408020893732706
119,10.0,2.8801734915379362,5.0,4.602993619772595,0.002077085278330935,115.03333333333333,8.0,14.5,1.0,3.2791767358779906
120,3.16227766016838e-06,2.7376018296951607,6.0,2.7376832088780625,0.0019652372413855655,116.0,2.0,14.5,0.6,0.33444106578826904
121,3.792690190732247e-06,2.737601831834324,6.0,2.737684085493297,0.0019652372413855655,116.96666666666667,2.0,14.5,0.6,0.3050203879674276
122,4.54877794700378e-06,2.7376018311253785,6.0,2.737685050898508,0.0019652372413855655,117.93333333333334,2.0,14.5,0.6,0.34971664746602377
123,5.4555947811685125e-06,2.737601831971415,6.0,2.737686517095493,0.0019652372413855655,118.9,2.0,14.5,0.6,0.3558924754460653
124,6.54318912971297e-06,2.7376018313756605,6.0,2.737688098759683,0.0019652372413855655,119.86666666666666,2.0,14.5,0.6,0.29963168303171794
125,7.84759970351461e-06,2.7376018317235467,6.0,2.7376900285851584,0.0019652372413855655,120.83333333333333,2.0,14.5,0.6333333333333333,0.3620974779129028
126,9.412049672680668e-06,2.73760183189096,6.0,2.737692221364443,0.0019652372413855655,121.8,2.0,14.5,0.6333333333333333,0.3544147809346517
127,1.128837891684688e-05,2.737601835166806,6.0,2.7376948576663884,0.0019652372413855655,122.76666666666667,2.0,14.5,0.6333333333333333,0.38323425451914467
128,1.3538761800225446e-05,2.7376018373221003,6.0,2.737698212187701,0.0019652372413855655,123.73333333333333,2.0,14.5,0.6333333333333333,0.36285061836242677
129,1.623776739188722e-05,2.737601840408749,6.0,2.73770215409076,0.0019652372413855655,124.7,2.0,14.5,0.6333333333333333,0.35861066977183026
130,1.9474830399087566e-05,2.737601846247172,6.0,2.737706860571889,0.0019652372413855655,125.66666666666667,2.0,14.5,0.6333333333333333,0.2798972447713216
131,2.3357214690901223e-05,2.737601848943596,6.0,2.7377125618941354,0.0019652372413855655,126.63333333333334,2.0,14.5,0.6333333333333333,0.3702670653661092
132,2.8013567611988686e-05,2.7376018547416887,6.0,2.737719195737091,0.0019652372413855655,127.6,2.0,14.5,0.6333333333333333,0.36315050919850667
133,3.359818286283783e-05,2.7376018609572754,6.0,2.7377274685360082,0.0019652372413855655,128.56666666666666,2.0,14.5,0.6333333333333333,0.35101277828216554
134,4.0296113202003966e-05,2.7376018709670626,6.0,2.7377372935240043,0.0019652372413855655,129.53333333333333,2.0,14.5,0.6333333333333333,0.3021358092625936
135,4.832930238571754e-05,2.737601882805994,6.0,2.7377490085821417,0.0019652372413855655,130.5,2.0,14.5,0.6333333333333333,0.3020783503850301
136,5.796393953384971e-05,2.737601896692983,6.0,2.737762941643302,0.0019652372413855655,131.46666666666667,2.0,14.5,0.6333333333333333,0.37030065854390465
137,6.951927961775608e-05,2.7376019147050665,6.0,2.7377798117635423,0.0019652372413855655,132.43333333333334,2.966666666666667,14.5,0.6333333333333333,0.5772363026936849
138,8.337822234717884e-05,2.7376019431374132,6.0,2.7378002470289298,0.0019652372413855655,133.4,3.0,14.5,0.6333333333333333,0.6549760897954305
139,9.999999999999996e-05,2.737601980473516,6.0,2.7378244234161895,0.0019652372413855655,134.36666666666667,3.0,14.5,0.6333333333333333,0.6228811184565226
140,0.0001258925411794167,2.737602048079895,6.0,2.7378622398122996,0.0019652372413855655,135.33333333333334,3.0,14.5,0.6333333333333333,0.720192535718282
141,0.00044100594541767417,2.7376037694829867,6.0,2.738321247032447,0.0019652372413855655,136.3,3.0,14.5,0.7333333333333333,0.712118124961853
142,0.0015448591479026769,2.737621568951129,6.0,2.7399124057395787,0.0019652372413855655,137.26666666666668,3.0,14.5,0.9333333333333333,0.6993826866149903
143,0.005411695265464642,2.737791750793773,6.0,2.74530871474435,0.0019652372413855655,138.23333333333332,3.0,14.5,1.0,0.715416431427002
144,0.01895735652406377,2.739005992875595,6.0,2.762639919658679,0.0019652372413855655,139.2,4.0,14.5,1.0,1.2903879245122274
145,0.06640827850634845,2.743995436491019,6.0,2.8133159214754286,0.0019652372413855655,140.16666666666666,5.0,14.5,1.0,2.0959156195322675
146,0.2326305067153627,2.757970914909525,6.0,2.9442422218455446,0.0019652372413855655,141.13333333333333,6.0,14.5,1.0,3.058774638175964
147,0.8149127469020752,2.784742225515897,6.0,3.233188790927606,0.0019652372413855655,142.1,8.0,14.5,1.0,4.434858934084574
148,2.8546676634979353,2.832790043401826,6.0,3.7696619091701096,0.0019652372413855655,143.06666666666666,7.233333333333333,14.5,1.0,3.8760886271794637
149,10.0,2.8801701798066746,6.0,4.602993596410794,0.0019652372413855655,144.03333333333333,8.0,14.5,1.0,3.8835294961929323
150,3.16227766016838e-06,2.737601822059362,7.0,2.7376827951952953,0.001865619299538103,145.0,2.0,14.5,0.6,0.43565688133239744
151,3.792690190732247e-06,2.737601824151379,7.0,2.737683631845246,0.001865619299538103,145.96666666666667,2.0,14.5,0.6,0.41646742026011146
152,4.54877794700378e-06,2.7376018265392,7.0,2.737685442833388,0.001865619299538103,146.93333333333334,2.0,14.5,0.6,0.435631537437439
153,5.4555947811685125e-06,2.737601824833585,7.0,2.7376861329769135,0.001865619299538103,147.9,2.0,14.5,0.6,0.4363186200459798
154,6.54318912971297e-06,2.7376018263289854,7.0,2.7376877814293983,0.001865619299538103,148.86666666666667,2.0,14.5,0.6,0.45398797194163004
155,7.84759970351461e-06,2.7376018270090303,7.0,2.7376894721905445,0.001865619299538103,149.83333333333334,2.0,14.5,0.6,0.3784615675608317
156,9.412049672680668e-06,2.737601828216035,7.0,2.737691612647941,0.001865619299538103,150.8,2.0,14.5,0.6333333333333333,0.41969981988271077
157,1.128837891684688e-05,2.737601830822886,7.0,2.7376946021441486,0.001865619299538103,151.76666666666668,2.0,14.5,0.6333333333333333,0.3752770741780599
158,1.3538761800225446e-05,2.7376018332031964,7.0,2.7376978358283495,0.001865619299538103,152.73333333333332,2.0,14.5,0.6333333333333333,0.4533516009648641
159,1.623776739188722e-05,2.737601836876136,7.0,2.737701729608313,0.001865619299538103,153.7,2.0,14.5,0.6333333333333333,0.37625829378763836
160,1.9474830399087566e-05,2.737601837584873,7.0,2.7377064039069503,0.001865619299538103,154.66666666666666,2.0,14.5,0.6333333333333333,0.35280741850535074
161,2.3357214690901223e-05,2.737601841847992,7.0,2.7377119743796716,0.001865619299538103,155.63333333333333,2.0,14.5,0.6333333333333333,0.3866192022959391
162,2.8013567611988686e-05,2.737601849648799,7.0,2.737718842569435,0.001865619299538103,156.6,2.0,14.5,0.6333333333333333,0.4146715005238851
163,3.359818286283783e-05,2.737601856244434,7.0,2.737727085532738,0.001865619299538103,157.56666666666666,2.0,14.5,0.6333333333333333,0.3505980889002482
164,4.0296113202003966e-05,2.7376018657587955,7.0,2.7377370027021968,0.001865619299538103,158.53333333333333,2.0,14.5,0.6333333333333333,0.4181280771891276
165,4.832930238571754e-05,2.737601876936068,7.0,2.73774840671597,0.001865619299538103,159.5,2.0,14.5,0.6333333333333333,0.3675923109054565
166,5.796393953384971e-05,2.73760189197922,7.0,2.737762417530389,0.001865619299538103,160.46666666666667,2.0,14.5,0.6333333333333333,0.47094908555348713
167,6.951927961775608e-05,2.7376019120291777,7.0,2.737779550663677,0.001865619299538103,161.43333333333334,3.0,14.5,0.6333333333333333,0.729301945368449
168,8.337822234717884e-05,2.737601938641394,7.0,2.737799773795736,0.001865619299538103,162.4,3.0,14.5,0.6333333333333333,0.7963013490041096
169,9.999999999999996e-05,2.7376019750684417,7.0,2.7378240276926173,0.001865619299538103,163.36666666666667,3.0,14.5,0.6333333333333333,0.699607499440511
170,0.0001258925411794167,2.737602044538596,7.0,2.7378617226092956,0.001865619299538103,164.33333333333334,3.0,14.5,0.6333333333333333,0.7185748100280762
171,0.00044100594541767417,2.737603762567749,7.0,2.7383206428349522,0.001865619299538103,165.3,3.0,14.5,0.7333333333333333,0.7908039172490438
172,0.0015448591479026769,2.737621556646816,7.0,2.739911988309302,0.001865619299538103,166.26666666666668,3.0,14.5,0.9333333333333333,0.7150918881098429
173,0.005411695265464642,2.7377917409363124,7.0,2.7453083536944365,0.001865619299538103,167.23333333333332,3.0,14.5,1.0,0.8616130669911702
174,0.01895735652406377,2.7390057968416337,7.0,2.7626394788021646,0.001865619299538103,168.2,4.0,14.5,1.0,1.5878046751022339
175,0.06640827850634845,2.7439954867502925,7.0,2.8133156129908388,0.001865619299538103,169.16666666666666,5.0,14.5,1.0,2.5928338368733725
176,0.2326305067153627,2.757970702728408,7.0,2.9442421081244508,0.001865619299538103,170.13333333333333,6.0,14.5,1.0,3.452243955930074
177,0.8149127469020752,2.784741137456515,7.0,3.2331887131430177,0.001865619299538103,171.1,8.0,14.5,1.0,5.090167435010274
178,2.8546676634979353,2.83279025375011,7.0,3.769661909208708,0.001865619299538103,172.06666666666666,7.233333333333333,14.5,1.0,4.052771910031637
179,10.0,2.880170846934729,7.0,4.602993501120748,0.001865619299538103,173.03333333333333,8.0,14.5,1.0,4.13301850159963
180,3.16227766016838e-06,2.7376018312884067,8.0,2.737682597346112,0.0017643996671926957,174.0,2.0,14.5,0.6,0.3421058177947998
181,3.792690190732247e-06,2.73760182968389,8.0,2.737683489949947,0.0017643996671926957,174.96666666666667,2.0,14.5,0.6,0.3671170075734456
182,4.54877794700378e-06,2.737601833422352,8.0,2.73768533209139,0.0017643996671926957,175.93333333333334,2.0,14.5,0.6,0.36068712870279945
183,5.4555947811685125e-06,2.737601834962356,8.0,2.7376866349524582,0.0017643996671926957,176.9,2.0,14.5,0.6,0.35641729036966957
184,6.54318912971297e-06,2.737601833805286,8.0,2.73768762321557,0.0017643996671926957,177.86666666666667,2.0,14.5,0.6,0.30979971090952557
185,7.84759970351461e-06,2.7376018343094,8.0,2.737689476280289,0.0017643996671926957,178.83333333333334,2.0,14.5,0.6,0.39515479405721027
186,9.412049672680668e-06,2.7376018356640928,8.0,2.737691529779919,0.0017643996671926957,179.8,2.0,14.5,0.6333333333333333,0.3216556151707967
187,1.128837891684688e-05,2.737601838271301,8.0,2.7376943975244794,0.0017643996671926957,180.76666666666668,2.0,14.5,0.6333333333333333,0.31113414764404296
188,1.3538761800225446e-05,2.737601840849513,8.0,2.7376976197758434,0.0017643996671926957,181.73333333333332,2.0,14.5,0.6333333333333333,0.3236960172653198
189,1.623776739188722e-05,2.7376018429545352,8.0,2.737701733343081,0.0017643996671926957,182.7,2.0,14.5,0.6333333333333333,0.3045054356257121
190,1.9474830399087566e-05,2.737601845624055,8.0,2.737706457537984,0.0017643996671926957,183.66666666666666,2.0,14.5,0.6333333333333333,0.3089439551035563
191,2.3357214690901223e-05,2.737601848350171,8.0,2.7377117518514047,0.0017643996671926957,184.63333333333333,2.0,14.5,0.6333333333333333,0.36934494972229004
192,2.8013567611988686e-05,2.7376018545424987,8.0,2.7377186659064168,0.0017643996671926957,185.6,2.0,14.5,0.6333333333333333,0.32597325642903646
193,3.359818286283783e-05,2.7376018610598885,8.0,2.7377268694890375,0.0017643996671926957,186.56666666666666,2.0,14.5,0.6333333333333333,0.29282996654510496
194,4.0296113202003966e-05,2.737601871362147,8.0,2.7377368410763965,0.0017643996671926957,187.53333333333333,2.0,14.5,0.6333333333333333,0.3538134256998698
195,4.832930238571754e-05,2.737601882099151,8.0,2.7377483876530904,0.0017643996671926957,188.5,2.0,14.5,0.6333333333333333,0.32146832942962644
196,5.796393953384971e-05,2.737601897580485,8.0,2.7377622067908995,0.0017643996671926957,189.46666666666667,2.0,14.5,0.6333333333333333,0.283457612991333
197,6.951927961775608e-05,2.737601929104175,8.0,2.7377794208445057,0.0017643996671926957,190.43333333333334,3.0,14.5,0.6333333333333333,0.6644419193267822
198,8.337822234717884e-05,2.7376019537032934,8.0,2.7377996122617314,0.0017643996671926957,191.4,3.0,14.5,0.6333333333333333,0.7337053537368774
199,9.999999999999996e-05,2.737601995029497,8.0,2.7378239279182597,0.0017643996671926957,192.36666666666667,3.0,14.5,0.6333333333333333,0.7149104277292887
200,0.0001258925411794167,2.7376020638110896,8.0,2.7378614432479935,0.0017643996671926957,193.33333333333334,3.0,14.5,0.6333333333333333,0.6044222116470337
201,0.00044100594541767417,2.7376037746449176,8.0,2.738320692016053,0.0017643996671926957,194.3,3.0,14.5,0.7333333333333333,0.7725974082946777
202,0.0015448591479026769,2.7376215880708994,8.0,2.739911954772553,0.0017643996671926957,195.26666666666668,3.0,14.5,0.9333333333333333,0.7646801471710205
203,0.005411695265464642,2.73779173162931,8.0,2.7453080850447598,0.0017643996671926957,196.23333333333332,3.0,14.5,1.0,0.8465240478515625
204,0.01895735652406377,2.7390059033674112,8.0,2.762639344686138,0.0017643996671926957,197.2,4.0,14.5,1.0,1.6493931849797567
205,0.06640827850634845,2.7439954220876004,8.0,2.8133153581105623,0.0017643996671926957,198.16666666666666,5.0,14.5,1.0,2.568294342358907
206,0.2326305067153627,2.7579708859711776,8.0,2.9442419555122674,0.0017643996671926957,199.13333333333333,6.0,14.5,1.0,3.617797017097473
207,0.8149127469020752,2.784740090143193,8.0,3.2331885393147988,0.0017643996671926957,200.1,8.0,14.5,1.0,5.728495995203654
208,2.8546676634979353,2.832788344417213,8.0,3.769661819050124,0.0017643996671926957,201.06666666666666,7.233333333333333,14.5,1.0,4.627972809473674
209,10.0,2.8801721643110394,8.0,4.602993524175932,0.0017643996671926957,202.03333333333333,8.0,14.5,1.0,4.650313878059388
210,3.16227766016838e-06,2.7376018168807166,10.0,2.7376824909934756,0.0015972729842509469,203.0,2.0,14.5,0.6,0.5772751967112223
211,3.792690190732247e-06,2.737601818855405,10.0,2.737682923987537,0.0015972729842509469,203.96666666666667,2.0,14.5,0.6,0.610669223467509
212,4.54877794700378e-06,2.7376018193617364,10.0,2.7376838414332108,0.0015972729842509469,204.93333333333334,2.0,14.5,0.6,0.5046935399373372
213,5.4555947811685125e-06,2.737601820096828,10.0,2.7376853955174747,0.0015972729842509469,205.9,2.0,14.5,0.6,0.4747671047846476
214,6.54318912971297e-06,2.737601820408851,10.0,2.73768693917003,0.0015972729842509469,206.86666666666667,2.0,14.5,0.6,0.5096244017283121
215,7.84759970351461e-06,2.7376018204196324,10.0,2.7376890643527707,0.0015972729842509469,207.83333333333334,2.0,14.5,0.6,0.4787390470504761
216,9.412049672680668e-06,2.7376018223116576,10.0,2.7376907820071286,0.0015972729842509469,208.8,2.0,14.5,0.6333333333333333,0.4478680690129598
217,1.128837891684688e-05,2.7376018231995323,10.0,2.737693457662685,0.0015972729842509469,209.76666666666668,2.0,14.5,0.6333333333333333,0.4785147666931152
218,1.3538761800225446e-05,2.7376018257413746,10.0,2.737696699009286,0.0015972729842509469,210.73333333333332,2.0,14.5,0.6333333333333333,0.44127275149027506
219,1.623776739188722e-05,2.7376018272728513,10.0,2.737701080944352,0.0015972729842509469,211.7,2.0,14.5,0.6333333333333333,0.4615085363388062
220,1.9474830399087566e-05,2.737601832403972,10.0,2.7377054998925976,0.0015972729842509469,212.66666666666666,2.0,14.5,0.6333333333333333,0.43101080258687335
221,2.3357214690901223e-05,2.7376018364656556,10.0,2.7377113228107772,0.0015972729842509469,213.63333333333333,2.0,14.5,0.6333333333333333,0.43781869411468505
222,2.8013567611988686e-05,2.73760184063218,10.0,2.7377178229758363,0.0015972729842509469,214.6,2.0,14.5,0.6333333333333333,0.43491412003835045
223,3.359818286283783e-05,2.737601848403881,10.0,2.7377259441098682,0.0015972729842509469,215.56666666666666,2.0,14.5,0.6333333333333333,0.4047488292058309
224,4.0296113202003966e-05,2.737601854087231,10.0,2.737736155951373,0.0015972729842509469,216.53333333333333,2.0,14.5,0.6333333333333333,0.4532568693161011
225,4.832930238571754e-05,2.737601866403999,10.0,2.7377474324572497,0.0015972729842509469,217.5,2.0,14.5,0.6333333333333333,0.40146713256835936
226,5.796393953384971e-05,2.7376018809586644,10.0,2.737761578410536,0.0015972729842509469,218.46666666666667,2.0,14.5,0.6333333333333333,0.5692352692286173
227,6.951927961775608e-05,2.737601906258543,10.0,2.737778434628182,0.0015972729842509469,219.43333333333334,3.0,14.5,0.6333333333333333,0.8749857346216837
228,8.337822234717884e-05,2.7376019341108337,10.0,2.737798857986261,0.0015972729842509469,220.4,3.0,14.5,0.6333333333333333,0.8661281744639079
229,9.999999999999996e-05,2.737601971485515,10.0,2.7378230648296804,0.0015972729842509469,221.36666666666667,3.0,14.5,0.6333333333333333,0.8825263500213623
230,0.0001258925411794167,2.7376020394925087,10.0,2.737860765350023,0.0015972729842509469,222.33333333333334,3.0,14.5,0.6333333333333333,0.8559198220570882
231,0.00044100594541767417,2.73760374500623,10.0,2.738320112959912,0.0015972729842509469,223.3,3.0,14.5,0.7333333333333333,0.9958558559417725
232,0.0015448591479026769,2.737621547656633,10.0,2.7399109339841607,0.0015972729842509469,224.26666666666668,3.0,14.5,0.9333333333333333,1.0904512961705526
233,0.005411695265464642,2.7377915347924056,10.0,2.745307148382308,0.0015972729842509469,225.23333333333332,3.0,14.5,1.0,1.245245893796285
234,0.01895735652406377,2.739005798198783,10.0,2.7626386649995833,0.0015972729842509469,226.2,4.0,14.5,1.0,2.0269370873769126
235,0.06640827850634845,2.7439952568886796,10.0,2.8133149624722025,0.0015972729842509469,227.16666666666666,5.0,14.5,1.0,3.64927659034729
236,0.2326305067153627,2.7579704163751853,10.0,2.944241479584338,0.0015972729842509469,228.13333333333333,6.0,14.5,1.0,5.159326767921447
237,0.8149127469020752,2.7847394158406567,10.0,3.2331882827248646,0.0015972729842509469,229.1,8.0,14.5,1.0,7.4155149380366
238,2.8546676634979353,2.8327869113320134,10.0,3.7696616111069856,0.0015972729842509469,230.06666666666666,7.233333333333333,14.5,1.0,5.675426856676737
239,10.0,2.8801688299194073,10.0,4.60299361281064,0.0015972729842509469,231.03333333333333,8.0,14.5,1.0,5.0181386788686115
240,3.16227766016838e-06,2.737601735652747,20.0,2.737682771628928,0.000936861882722538,232.0,2.0,14.5,0.6,0.741207750638326
241,3.792690190732247e-06,2.737601736708406,20.0,2.7376834589000603,0.000936861882722538,232.96666666666667,2.0,14.5,0.6,0.7004246314366659
242,4.54877794700378e-06,2.737601740421096,20.0,2.73768542502119,0.000936861882722538,233.93333333333334,2.0,14.5,0.6,0.6108734925587972
243,5.4555947811685125e-06,2.7376017376114983,20.0,2.737685507746206,0.000936861882722538,234.9,2.0,14.5,0.6,0.7011897404988606
244,6.54318912971297e-06,2.7376017337767014,20.0,2.7376871717503115,0.000936861882722538,235.86666666666667,2.0,14.5,0.6,0.5996780872344971
245,7.84759970351461e-06,2.7376017404697146,20.0,2.7376885675064853,0.000936861882722538,236.83333333333334,2.0,14.5,0.6,0.5749078671137492
246,9.412049672680668e-06,2.7376017435225966,20.0,2.7376911743919843,0.000936861882722538,237.8,2.0,14.5,0.6,0.5795639832814534
247,1.128837891684688e-05,2.737601745294799,20.0,2.7376939177332242,0.000936861882722538,238.76666666666668,2.0,14.5,0.6,0.5568246523539225
248,1.3538761800225446e-05,2.737601748864354,20.0,2.737697066774397,0.000936861882722538,239.73333333333332,2.0,14.5,0.6333333333333333,0.6027342637379964
249,1.623776739188722e-05,2.7376017450633094,20.0,2.7377007912863744,0.000936861882722538,240.7,2.0,14.5,0.6333333333333333,0.5830181837081909
250,1.9474830399087566e-05,2.737601752520685,20.0,2.737705188437142,0.000936861882722538,241.66666666666666,2.0,14.5,0.6333333333333333,0.5800352414449056
251,2.3357214690901223e-05,2.737601756847254,20.0,2.7377112379844415,0.000936861882722538,242.63333333333333,2.0,14.5,0.6333333333333333,0.5661953687667847
252,2.8013567611988686e-05,2.737601762721133,20.0,2.7377177264823156,0.000936861882722538,243.6,2.0,14.5,0.6333333333333333,0.6314913431803385
253,3.359818286283783e-05,2.7376017693554524,20.0,2.7377262939912326,0.000936861882722538,244.56666666666666,2.0,14.5,0.6333333333333333,0.5239852666854858
254,4.0296113202003966e-05,2.7376017771104513,20.0,2.7377354606091386,0.000936861882722538,245.53333333333333,2.0,14.5,0.6333333333333333,0.5907501538594564
255,4.832930238571754e-05,2.7376017832428854,20.0,2.7377468818084685,0.000936861882722538,246.5,2.0,14.5,0.6333333333333333,0.6290497382481893
256,5.796393953384971e-05,2.7376018000278557,20.0,2.737761291188973,0.000936861882722538,247.46666666666667,2.0,14.5,0.6333333333333333,0.6274988094965617
257,6.951927961775608e-05,2.7376018224195593,20.0,2.7377781404163612,0.000936861882722538,248.43333333333334,3.0,14.5,0.6333333333333333,1.3420605023701986
258,8.337822234717884e-05,2.73760185330197,20.0,2.7377988888493587,0.000936861882722538,249.4,3.0,14.5,0.6333333333333333,1.3480364084243774
259,9.999999999999996e-05,2.737601885748062,20.0,2.737822281078392,0.000936861882722538,250.36666666666667,3.0,14.5,0.6333333333333333,1.283434240023295
260,0.0001258925411794167,2.737601956970964,20.0,2.7378609739507325,0.000936861882722538,251.33333333333334,3.0,14.5,0.6333333333333333,1.412998096148173
261,0.00044100594541767417,2.7376036537795816,20.0,2.7383191894156087,0.000936861882722538,252.3,3.0,14.5,0.7333333333333333,1.4251434405644734
262,0.0015448591479026769,2.7376214283163214,20.0,2.739909998906962,0.000936861882722538,253.26666666666668,3.0,14.5,0.9333333333333333,1.6673158168792725
263,0.005411695265464642,2.737791392101477,20.0,2.745306193827466,0.000936861882722538,254.23333333333332,3.0,14.5,1.0,1.6972784757614137
264,0.01895735652406377,2.739005640003353,20.0,2.7626379260933467,0.000936861882722538,255.2,4.0,14.5,1.0,3.2888029416402182
265,0.06640827850634845,2.743994978854053,20.0,2.8133141906808197,0.000936861882722538,256.1666666666667,5.0,14.5,1.0,6.015525333086649
266,0.2326305067153627,2.7579698592713866,20.0,2.9442410361770626,0.000936861882722538,257.1333333333333,6.0,14.5,1.0,7.9739692846934
267,0.8149127469020752,2.7847401610943883,20.0,3.233187906227189,0.000936861882722538,258.1,8.0,14.5,1.0,12.942233204841614
268,2.8546676634979353,2.832801448501796,20.0,3.7696612359487167,0.000936861882722538,259.06666666666666,7.233333333333333,14.5,1.0,9.883011110623677
269,10.0,2.880165792275302,20.0,4.602993490879956,0.000936861882722538,260.03333333333336,8.0,14.5,1.0,8.46925110022227
270,3.16227766016838e-06,2.7376018269997835,30.0,2.7376846961733667,0.00047247584528943456,261.0,2.0,14.5,0.6,0.9058285474777221
271,3.792690190732247e-06,2.7376018238713344,30.0,2.737684602046012,0.00047247584528943456,261.96666666666664,2.0,14.5,0.6,0.9780681212743123
272,4.54877794700378e-06,2.7376018348757993,30.0,2.737684726700327,0.00047247584528943456,262.93333333333334,2.0,14.5,0.6,0.834610915184021
273,5.4555947811685125e-06,2.737601794715505,30.0,2.737685924729208,0.00047247584528943456,263.9,2.0,14.5,0.6,0.7636085192362467
274,6.54318912971297e-06,2.7376018453333058,30.0,2.7376875377387972,0.00047247584528943456,264.8666666666667,2.0,14.5,0.6,0.767438284556071
275,7.84759970351461e-06,2.7376018320720727,30.0,2.737688725023214,0.00047247584528943456,265.8333333333333,2.0,14.5,0.6,0.6983963171641032
276,9.412049672680668e-06,2.7376018334886822,30.0,2.737690311853463,0.00047247584528943456,266.8,2.0,14.5,0.6,0.7208379824956258
277,1.128837891684688e-05,2.737601822495138,30.0,2.7376912947996246,0.00047247584528943456,267.76666666666665,2.0,14.5,0.6,0.64419953028361
278,1.3538761800225446e-05,2.737601837183392,30.0,2.737695106803561,0.00047247584528943456,268.73333333333335,2.0,14.5,0.6333333333333333,0.7100065072377523
279,1.623776739188722e-05,2.7376018264197555,30.0,2.737698609298478,0.00047247584528943456,269.7,2.0,14.5,0.6333333333333333,0.7392064650853475
280,1.9474830399087566e-05,2.7376018359786864,30.0,2.737702999093621,0.00047247584528943456,270.6666666666667,2.0,14.5,0.6333333333333333,0.7544555981953939
281,2.3357214690901223e-05,2.7376018476648993,30.0,2.73770829119264,0.00047247584528943456,271.6333333333333,2.0,14.5,0.6333333333333333,0.6675012667973836
282,2.8013567611988686e-05,2.73760184402031,30.0,2.7377148279681407,0.00047247584528943456,272.6,2.0,14.5,0.6333333333333333,0.6845731655756633
283,3.359818286283783e-05,2.7376018403413642,30.0,2.737722754705739,0.00047247584528943456,273.56666666666666,2.0,14.5,0.6333333333333333,0.7548396746317546
284,4.0296113202003966e-05,2.7376018533793314,30.0,2.7377331231418576,0.00047247584528943456,274.53333333333336,2.0,14.5,0.6333333333333333,0.7227226654688518
285,4.832930238571754e-05,2.737601869493922,30.0,2.737745332765823,0.00047247584528943456,275.5,2.0,14.5,0.6333333333333333,0.7269903580347697
286,5.796393953384971e-05,2.7376018793299974,30.0,2.7377581944490204,0.00047247584528943456,276.46666666666664,2.0,14.5,0.6333333333333333,0.7513227144877116
287,6.951927961775608e-05,2.737601900162566,30.0,2.7377743065536086,0.00047247584528943456,277.43333333333334,3.0,14.5,0.6333333333333333,1.619619369506836
288,8.337822234717884e-05,2.7376019354356393,30.0,2.7377959405548733,0.00047247584528943456,278.4,3.0,14.5,0.6333333333333333,1.7785785357157389
289,9.999999999999996e-05,2.7376019681534927,30.0,2.737819911722512,0.00047247584528943456,279.3666666666667,3.0,14.5,0.6333333333333333,1.8282522757848103
290,0.0001258925411794167,2.737602027509326,30.0,2.7378580530059438,0.00047247584528943456,280.3333333333333,3.0,14.5,0.6333333333333333,2.055524492263794
291,0.00044100594541767417,2.7376037123274717,30.0,2.7383166038325384,0.00047247584528943456,281.3,3.0,14.5,0.7333333333333333,1.954200307528178
292,0.0015448591479026769,2.737621423515286,30.0,2.7399061689762854,0.00047247584528943456,282.26666666666665,3.0,14.5,0.9333333333333333,2.2376630544662475
293,0.005411695265464642,2.737791187116884,30.0,2.74530333116729,0.00047247584528943456,283.23333333333335,3.0,14.5,1.0,2.529725464185079
294,0.01895735652406377,2.7390049025535412,30.0,2.7626334905811083,0.00047247584528943456,284.2,4.0,14.5,1.0,5.01754047870636
295,0.06640827850634845,2.7439946805940965,30.0,2.813311510312692,0.00047247584528943456,285.1666666666667,5.0,14.5,1.0,8.761099203427632
296,0.2326305067153627,2.757969608075529,30.0,2.944239201265459,0.00047247584528943456,286.1333333333333,6.0,14.5,1.0,11.751759314537049
297,0.8149127469020752,2.784739831577193,30.0,3.2331865618265194,0.00047247584528943456,287.1,8.0,14.5,1.0,19.003995903333028
298,2.8546676634979353,2.832819180605631,30.0,3.7696581331136794,0.00047247584528943456,288.06666666666666,7.233333333333333,14.5,1.0,14.60070698261261
299,10.0,2.8801658236742216,30.0,4.602993210211949,0.00047247584528943456,289.03333333333336,8.0,14.5,1.0,12.508134937286377
300,3.16227766016838e-06,2.7376018499630654,40.0,2.737683568791284,0.0002439252528349939,290.0,2.0,14.5,0.6,1.1370409727096558
301,3.792690190732247e-06,2.7376018217312623,40.0,2.7376816299367137,0.0002439252528349939,290.96666666666664,2.0,14.5,0.5666666666666667,0.9187283754348755
302,4.54877794700378e-06,2.737601803390587,40.0,2.737680945077001,0.0002439252528349939,291.93333333333334,2.0,14.5,0.5666666666666667,0.760630734761556
303,5.4555947811685125e-06,2.7376017840953564,40.0,2.7376829806274428,0.0002439252528349939,292.9,2.0,14.5,0.5666666666666667,0.6894230286280314
304,6.54318912971297e-06,2.7376018029442664,40.0,2.7376863699644334,0.0002439252528349939,293.8666666666667,2.0,14.5,0.6,0.6974888483683268
305,7.84759970351461e-06,2.737601777071128,40.0,2.7376881451912545,0.0002439252528349939,294.8333333333333,2.0,14.5,0.6,0.6921333312988281
306,9.412049672680668e-06,2.737601812863422,40.0,2.7376877210536557,0.0002439252528349939,295.8,2.0,14.5,0.6,0.7190353790918986
307,1.128837891684688e-05,2.737601819364522,40.0,2.737689110194888,0.0002439252528349939,296.76666666666665,2.0,14.5,0.6,0.7475571076075236
308,1.3538761800225446e-05,2.73760184198763,40.0,2.737693914648122,0.0002439252528349939,297.73333333333335,2.0,14.5,0.6333333333333333,0.7430892546971639
309,1.623776739188722e-05,2.7376018159915025,40.0,2.737697039780311,0.0002439252528349939,298.7,2.0,14.5,0.6333333333333333,0.6883739789326986
310,1.9474830399087566e-05,2.737601832034595,40.0,2.7377006588866863,0.0002439252528349939,299.6666666666667,2.0,14.5,0.6333333333333333,0.7012759844462076
311,2.3357214690901223e-05,2.7376018245738636,40.0,2.737707195532167,0.0002439252528349939,300.6333333333333,2.0,14.5,0.6333333333333333,0.78120543162028
312,2.8013567611988686e-05,2.737601829552178,40.0,2.73771356678574,0.0002439252528349939,301.6,2.0,14.5,0.6333333333333333,0.6747420152028402
313,3.359818286283783e-05,2.7376018276450513,40.0,2.737722339203836,0.0002439252528349939,302.56666666666666,2.0,14.5,0.6333333333333333,0.7570300499598185
314,4.0296113202003966e-05,2.73760184611681,40.0,2.737730700592031,0.0002439252528349939,303.53333333333336,2.0,14.5,0.6333333333333333,0.7638315598169962
315,4.832930238571754e-05,2.7376018617554214,40.0,2.7377416773687475,0.0002439252528349939,304.5,2.0,14.5,0.6333333333333333,0.8625747998555501
316,5.796393953384971e-05,2.737601865319962,40.0,2.7377544498623445,0.0002439252528349939,305.46666666666664,2.0,14.5,0.6333333333333333,0.8542401154836019
317,6.951927961775608e-05,2.7376018950803016,40.0,2.7377732528790086,0.0002439252528349939,306.43333333333334,3.0,14.5,0.6333333333333333,1.7105440378189087
318,8.337822234717884e-05,2.737601914548269,40.0,2.73779329607159,0.0002439252528349939,307.4,3.0,14.5,0.6333333333333333,1.72586829662323
319,9.999999999999996e-05,2.737601948031741,40.0,2.737817594727886,0.0002439252528349939,308.3666666666667,3.0,14.5,0.6333333333333333,1.8647173086802165
320,0.0001258925411794167,2.7376020100189655,40.0,2.7378546038697293,0.0002439252528349939,309.3333333333333,3.0,14.5,0.6333333333333333,1.72291153271993
321,0.00044100594541767417,2.737603667657928,40.0,2.7383136624823217,0.0002439252528349939,310.3,3.0,14.5,0.7333333333333333,1.761511007944743
322,0.0015448591479026769,2.7376212781065132,40.0,2.7399029456339616,0.0002439252528349939,311.26666666666665,3.0,14.5,0.9333333333333333,2.2651482502619427
323,0.005411695265464642,2.737790936559159,40.0,2.7453004258924785,0.0002439252528349939,312.23333333333335,3.0,14.5,1.0,2.7654282490412396
324,0.01895735652406377,2.7390045779526315,40.0,2.762632201787303,0.0002439252528349939,313.2,4.0,14.5,1.0,5.144561330477397
325,0.06640827850634845,2.743993942593513,40.0,2.813309827020619,0.0002439252528349939,314.1666666666667,5.0,14.5,1.0,9.734386110305786
326,0.2326305067153627,2.757970501227581,40.0,2.9442371400702347,0.0002439252528349939,315.1333333333333,6.0,14.5,1.0,13.322790002822876
327,0.8149127469020752,2.784746949661352,40.0,3.233184159959474,0.0002439252528349939,316.1,8.0,14.5,1.0,22.613785004615785
328,2.8546676634979353,2.8327949877695042,40.0,3.7696575821520506,0.0002439252528349939,317.06666666666666,7.266666666666667,14.5,1.0,18.51845797697703
329,10.0,2.8801654394308143,40.0,4.602993080728391,0.0002439252528349939,318.03333333333336,8.0,14.5,1.0,14.999898751576742
330,3.16227766016838e-06,2.737601873925715,90.0,2.7376938343071666,0.0,319.0,2.033333333333333,14.5,0.5666666666666667,1.2180000782012939
331,3.792690190732247e-06,2.737601744629439,90.0,2.7376803761243704,0.0,319.96666666666664,2.0,14.5,0.5666666666666667,0.7670950889587402
332,4.54877794700378e-06,2.7376019144155372,90.0,2.737681175523345,0.0,320.93333333333334,2.0,14.5,0.6,0.9077619155248006
333,5.4555947811685125e-06,2.737601709107722,90.0,2.7377007868688312,0.0,321.9,2.066666666666667,14.5,0.6,0.9230883042017619
334,6.54318912971297e-06,2.7376018883018687,90.0,2.7376986895498785,0.0,322.8666666666667,2.066666666666667,14.5,0.6333333333333333,0.8233728965123495
335,7.84759970351461e-06,2.7376018347102913,90.0,2.7376977335721966,0.0,323.8333333333333,2.033333333333333,14.5,0.6333333333333333,0.852039615313212
336,9.412049672680668e-06,2.7376019529679074,90.0,2.7376844650494347,0.0,324.8,2.033333333333333,14.5,0.5666666666666667,0.8278218189875285
337,1.128837891684688e-05,2.7376018207151254,90.0,2.7376907718307657,0.0,325.76666666666665,2.033333333333333,14.5,0.5666666666666667,0.9281873305638632
338,1.3538761800225446e-05,2.737601726168681,90.0,2.7376989218484895,0.0,326.73333333333335,2.0,14.5,0.6333333333333333,0.8541004260381063
339,1.623776739188722e-05,2.7376018184935287,90.0,2.7377019329558054,0.0,327.7,2.066666666666667,14.5,0.6,0.9638936042785644
340,1.9474830399087566e-05,2.737601760936049,90.0,2.737707765424243,0.0,328.6666666666667,2.033333333333333,14.5,0.6333333333333333,0.8378500541051229
341,2.3357214690901223e-05,2.7376017731787567,90.0,2.7377039195657886,0.0,329.6333333333333,2.0,14.5,0.6333333333333333,0.8187905788421631
342,2.8013567611988686e-05,2.7376017602087326,90.0,2.7377136990289865,0.0,330.6,2.033333333333333,14.5,0.6333333333333333,1.0471081654230754
343,3.359818286283783e-05,2.737601873825017,90.0,2.7377238411788993,0.0,331.56666666666666,2.066666666666667,14.5,0.6333333333333333,1.2041131337483724
344,4.0296113202003966e-05,2.737601805123262,90.0,2.7377244950684907,0.0,332.53333333333336,2.066666666666667,14.5,0.6333333333333333,1.137453293800354
345,4.832930238571754e-05,2.73760182454461,90.0,2.7377424783730775,0.0,333.5,2.2333333333333334,14.5,0.6333333333333333,1.100413457552592
346,5.796393953384971e-05,2.7376018924040495,90.0,2.737755347341973,0.0,334.46666666666664,2.4,14.5,0.6333333333333333,1.4032822370529174
347,6.951927961775608e-05,2.7376019071846347,90.0,2.737772275285387,0.0,335.43333333333334,3.0,14.5,0.6333333333333333,2.065135931968689
348,8.337822234717884e-05,2.737601893151635,90.0,2.7377871344983546,0.0,336.4,3.0,14.5,0.6333333333333333,2.0373310804367066
349,9.999999999999996e-05,2.737601964294308,90.0,2.737815170212937,0.0,337.3666666666667,3.0,14.5,0.6333333333333333,2.4067759037017824
350,0.0001258925411794167,2.7376019824086275,90.0,2.7378496736618163,0.0,338.3333333333333,3.0,14.5,0.6333333333333333,2.1511036078135173
351,0.00044100594541767417,2.7376035439938975,90.0,2.738303108944304,0.0,339.3,3.0,14.5,0.7333333333333333,2.253624518712362
352,0.0015448591479026769,2.7376215865293703,90.0,2.7399022026804687,0.0,340.26666666666665,3.0,14.5,0.9333333333333333,2.3511780818303425
353,0.005411695265464642,2.7377900566312827,90.0,2.7452935291798384,0.0,341.23333333333335,3.0,14.5,1.0,2.450339929262797
354,0.01895735652406377,2.7390031582707532,90.0,2.7626238064734356,0.0,342.2,4.0,14.5,1.0,4.594356441497803
355,0.06640827850634845,2.7439928022967512,90.0,2.8133046091168703,0.0,343.1666666666667,5.0,14.5,1.0,11.057652688026428
356,0.2326305067153627,2.7579641222159963,90.0,2.944237055719222,0.0,344.1333333333333,6.0,14.5,1.0,15.55700036684672
357,0.8149127469020752,2.784741047551237,90.0,3.23318484592247,0.0,345.1,8.0,14.5,1.0,22.79332594871521
358,2.8546676634979353,2.8327824616423483,90.0,3.7696603384507634,0.0,346.06666666666666,7.233333333333333,14.5,1.0,19.04980947971344
359,10.0,2.8801784062810722,90.0,4.602992229399393,0.0,347.03333333333336,8.0,14.5,1.0,22.824212535222372
